{"m_mc": 7, "edge_quantity": 4, "m_vertices": {"0": {"key": "0", "pos": [9.562726635032433, 17.75102016505282, 19.747364624186062]}, "1": {"key": "1", "pos": [5.746630442353378, 6.928059211092785, 5.264477119345006]}, "2": {"key": "2", "pos": [6.186031247017059, 0.825252778350718, 1.0535888034606855]}}, "m_edges": {"0": {"2": {"src": 0, "dst": 2, "weight": 100}}, "1": {"0": {"src": 1, "dst": 0, "weight": 100}}, "2": {"1": {"src": 2, "dst": 1, "weight": 100}, "0": {"src": 2, "dst": 0, "weight": 100}}}, "m_edges_inverted": {"0": {"1": {"src": 1, "dst": 0, "weight": 100}, "2": {"src": 2, "dst": 0, "weight": 100}}, "1": {"2": {"src": 2, "dst": 1, "weight": 100}}, "2": {"0": {"src": 0, "dst": 2, "weight": 100}}}}