{"m_mc": 7, "edge_quantity": 4, "m_vertices": {"0": {"key": "0", "pos": [17.31705344831878, 19.24809989163553, 7.158092384615133]}, "1": {"key": "1", "pos": [15.38663109788924, 11.125890225052801, 14.640905863635329]}, "2": {"key": "2", "pos": [7.973303337424613, 14.310254588746979, 7.5613005149508155]}}, "m_edges": {"0": {"2": {"src": 0, "dst": 2, "weight": 100}}, "1": {"0": {"src": 1, "dst": 0, "weight": 100}}, "2": {"1": {"src": 2, "dst": 1, "weight": 100}, "0": {"src": 2, "dst": 0, "weight": 100}}}, "m_edges_inverted": {"0": {"1": {"src": 1, "dst": 0, "weight": 100}, "2": {"src": 2, "dst": 0, "weight": 100}}, "1": {"2": {"src": 2, "dst": 1, "weight": 100}}, "2": {"0": {"src": 0, "dst": 2, "weight": 100}}}}